Alloy_Name,Temp (°C),Strain,Stress_MPa,Specimen_Type
Al6061,250,-8.67E-05,1.493619161,Uniaxial tension
Al6061,250,-0.000138608,2.12667671,Uniaxial tension
Al6061,250,-0.00018697,2.79096841,Uniaxial tension
Al6061,250,-0.000222405,3.699650845,Uniaxial tension
Al6061,250,-0.000284488,5.25805936,Uniaxial tension
Al6061,250,-0.000343268,6.941585978,Uniaxial tension
Al6061,250,-0.000391331,8.68121877,Uniaxial tension
Al6061,250,-0.000427718,10.51090885,Uniaxial tension
Al6061,250,-0.000430085,12.44286719,Uniaxial tension
Al6061,250,-0.000411919,14.45016725,Uniaxial tension
Al6061,250,-0.000386422,16.36071259,Uniaxial tension
Al6061,250,-0.000366873,18.29964898,Uniaxial tension
Al6061,250,-0.00032913,20.38444025,Uniaxial tension
Al6061,250,-0.000288836,22.53992665,Uniaxial tension
Al6061,250,-0.000243533,24.73963145,Uniaxial tension
Al6061,250,-0.000200668,26.94340541,Uniaxial tension
Al6061,250,-0.000166171,29.16020531,Uniaxial tension
Al6061,250,-0.00012588,31.35026892,Uniaxial tension
Al6061,250,-7.78E-05,33.56536096,Uniaxial tension
Al6061,250,-3.56E-05,35.73544305,Uniaxial tension
Al6061,250,1.06E-05,37.86827852,Uniaxial tension
Al6061,250,5.22E-05,39.9203849,Uniaxial tension
Al6061,250,9.75E-05,41.93735771,Uniaxial tension
Al6061,250,0.000143443,43.93754319,Uniaxial tension
Al6061,250,0.000181353,45.93406989,Uniaxial tension
Al6061,250,0.000226433,47.90558371,Uniaxial tension
Al6061,250,0.000272643,49.82255954,Uniaxial tension
Al6061,250,0.000316898,51.70997851,Uniaxial tension
Al6061,250,0.000364882,53.62367137,Uniaxial tension
Al6061,250,0.000408168,55.51820648,Uniaxial tension
Al6061,250,0.000456516,57.39360789,Uniaxial tension
Al6061,250,0.00050368,59.21514437,Uniaxial tension
Al6061,250,0.000551297,61.01340194,Uniaxial tension
Al6061,250,0.000593412,62.7656437,Uniaxial tension
Al6061,250,0.000638517,64.45801853,Uniaxial tension
Al6061,250,0.000683185,66.16746412,Uniaxial tension
Al6061,250,0.000727884,67.9030169,Uniaxial tension
Al6061,250,0.000769863,69.59915466,Uniaxial tension
Al6061,250,0.000816278,71.27962191,Uniaxial tension
Al6061,250,0.000860984,72.94350591,Uniaxial tension
Al6061,250,0.000911828,74.67325447,Uniaxial tension
Al6061,250,0.000958291,76.40014098,Uniaxial tension
Al6061,250,0.001003255,78.03603695,Uniaxial tension
Al6061,250,0.001051987,79.62788531,Uniaxial tension
Al6061,250,0.00110309,81.21458762,Uniaxial tension
Al6061,250,0.001150016,82.78399182,Uniaxial tension
Al6061,250,0.001197032,84.31929424,Uniaxial tension
Al6061,250,0.001240089,85.77013855,Uniaxial tension
Al6061,250,0.001280238,87.28554084,Uniaxial tension
Al6061,250,0.001327349,88.78942676,Uniaxial tension
Al6061,250,0.00137249,90.34247146,Uniaxial tension
Al6061,250,0.001419322,91.86140605,Uniaxial tension
Al6061,250,0.001470361,93.39092575,Uniaxial tension
Al6061,250,0.001519721,94.91588907,Uniaxial tension
Al6061,250,0.001571024,96.44811467,Uniaxial tension
Al6061,250,0.001627882,97.9634607,Uniaxial tension
Al6061,250,0.001677026,99.46659607,Uniaxial tension
Al6061,250,0.001726361,100.8750777,Uniaxial tension
Al6061,250,0.001775218,102.3416298,Uniaxial tension
Al6061,250,0.0018296,103.7653378,Uniaxial tension
Al6061,250,0.001879698,105.1615588,Uniaxial tension
Al6061,250,0.001931574,106.5739366,Uniaxial tension
Al6061,250,0.001980772,107.9164836,Uniaxial tension
Al6061,250,0.002034321,109.326786,Uniaxial tension
Al6061,250,0.002084796,110.710607,Uniaxial tension
Al6061,250,0.002136886,112.0171186,Uniaxial tension
Al6061,250,0.002184281,113.2965767,Uniaxial tension
Al6061,250,0.002232892,114.5893143,Uniaxial tension
Al6061,250,0.002281251,115.8212928,Uniaxial tension
Al6061,250,0.002333295,117.0515128,Uniaxial tension
Al6061,250,0.002383758,118.2187093,Uniaxial tension
Al6061,250,0.002442338,119.4351823,Uniaxial tension
Al6061,250,0.002496824,120.6153548,Uniaxial tension
Al6061,250,0.002552588,121.7757502,Uniaxial tension
Al6061,250,0.002611588,122.8824153,Uniaxial tension
Al6061,250,0.002670675,123.977662,Uniaxial tension
Al6061,250,0.002737967,125.0689804,Uniaxial tension
Al6061,250,0.002805287,126.0981604,Uniaxial tension
Al6061,250,0.00287182,127.0988967,Uniaxial tension
Al6061,250,0.002944474,128.0989207,Uniaxial tension
Al6061,250,0.003023819,129.0280129,Uniaxial tension
Al6061,250,0.003097728,129.935464,Uniaxial tension
Al6061,250,0.003179877,130.7812593,Uniaxial tension
Al6061,250,0.003270786,131.5425538,Uniaxial tension
Al6061,250,0.003364034,132.2833129,Uniaxial tension
Al6061,250,0.003461119,132.8954236,Uniaxial tension
Al6061,250,0.003563816,133.4478692,Uniaxial tension
Al6061,250,0.003665871,133.9758326,Uniaxial tension
Al6061,250,0.003786089,134.4305452,Uniaxial tension
Al6061,250,0.00390688,134.8425027,Uniaxial tension
Al6061,250,0.004020375,135.2320629,Uniaxial tension
Al6061,250,0.004145493,135.5689424,Uniaxial tension
Al6061,250,0.004276318,135.8505927,Uniaxial tension
Al6061,250,0.004408466,136.0903883,Uniaxial tension
Al6061,250,0.004537488,136.3025744,Uniaxial tension
Al6061,250,0.004674242,136.5120965,Uniaxial tension
Al6061,250,0.004816245,136.6800009,Uniaxial tension
Al6061,250,0.004963251,136.8240392,Uniaxial tension
Al6061,250,0.005112351,136.909273,Uniaxial tension
Al6061,250,0.005263599,137.0109132,Uniaxial tension
Al6061,250,0.00542175,137.1011555,Uniaxial tension
Al6061,250,0.005591622,137.1453517,Uniaxial tension
Al6061,250,0.005760653,137.1661865,Uniaxial tension
Al6061,250,0.005931458,137.1797211,Uniaxial tension
Al6061,250,0.006101174,137.1798211,Uniaxial tension
Al6061,250,0.006273632,137.1689123,Uniaxial tension
Al6061,250,0.006443379,137.1576588,Uniaxial tension
Al6061,250,0.006616917,137.1358397,Uniaxial tension
Al6061,250,0.006788957,137.1372665,Uniaxial tension
Al6061,250,0.006963329,137.1233789,Uniaxial tension
Al6061,250,0.007137047,137.0784531,Uniaxial tension
Al6061,250,0.007316858,137.0173199,Uniaxial tension
Al6061,250,0.007495281,136.9934257,Uniaxial tension
Al6061,250,0.007675458,136.9454514,Uniaxial tension
Al6061,250,0.007862544,136.9136339,Uniaxial tension
Al6061,250,0.008048479,136.8522472,Uniaxial tension
Al6061,250,0.008234024,136.7907148,Uniaxial tension
Al6061,250,0.008423038,136.7590847,Uniaxial tension
Al6061,250,0.008608978,136.7174579,Uniaxial tension
Al6061,250,0.00879628,136.6510499,Uniaxial tension
Al6061,250,0.008988066,136.5848936,Uniaxial tension
Al6061,250,0.009170328,136.4795489,Uniaxial tension
Al6061,250,0.009357078,136.4152909,Uniaxial tension
Al6061,250,0.009545323,136.343264,Uniaxial tension
Al6061,250,0.009728603,136.2720397,Uniaxial tension
Al6061,250,0.009916078,136.1766856,Uniaxial tension
Al6061,250,0.010105596,136.1032629,Uniaxial tension
Al6061,250,0.010289095,136.0398313,Uniaxial tension
Al6061,250,0.010475792,135.9803447,Uniaxial tension
Al6061,250,0.010661935,135.9195903,Uniaxial tension
Al6061,250,0.010848806,135.8682959,Uniaxial tension
Al6061,250,0.011038001,135.7910618,Uniaxial tension
Al6061,250,0.011227024,135.7466805,Uniaxial tension
Al6061,250,0.01141186,135.6786163,Uniaxial tension
Al6061,250,0.011604542,135.6214566,Uniaxial tension
Al6061,250,0.011799381,135.5734836,Uniaxial tension
Al6061,250,0.011988814,135.4901184,Uniaxial tension
Al6061,250,0.012174165,135.3918007,Uniaxial tension
Al6061,250,0.012366271,135.3067597,Uniaxial tension
Al6061,250,0.012559304,135.2403044,Uniaxial tension
Al6061,250,0.012752107,135.1639131,Uniaxial tension
Al6061,250,0.012937674,135.0755434,Uniaxial tension
Al6061,250,0.01312255,134.9556064,Uniaxial tension
Al6061,250,0.013317798,134.8797662,Uniaxial tension
Al6061,250,0.013514347,134.8155451,Uniaxial tension
Al6061,250,0.013703071,134.7516708,Uniaxial tension
Al6061,250,0.013884954,134.6545521,Uniaxial tension
Al6061,250,0.014078689,134.587684,Uniaxial tension
Al6061,250,0.014271828,134.5168291,Uniaxial tension
Al6061,250,0.014466778,134.4865035,Uniaxial tension
Al6061,250,0.014661629,134.4267369,Uniaxial tension
Al6061,250,0.014856266,134.3695352,Uniaxial tension
Al6061,250,0.0150476,134.3174614,Uniaxial tension
Al6061,250,0.015254046,134.2789292,Uniaxial tension
Al6061,250,0.015446875,134.1975898,Uniaxial tension
Al6061,250,0.015647836,134.1341717,Uniaxial tension
Al6061,250,0.01584292,134.0538918,Uniaxial tension
Al6061,250,0.016037552,133.9904222,Uniaxial tension
Al6061,250,0.01623534,133.9167833,Uniaxial tension
Al6061,250,0.016433936,133.8381758,Uniaxial tension
Al6061,250,0.016623787,133.7336029,Uniaxial tension
Al6061,250,0.016824245,133.665648,Uniaxial tension
Al6061,250,0.017020103,133.5933951,Uniaxial tension
Al6061,250,0.017217537,133.5230043,Uniaxial tension
Al6061,250,0.017413069,133.4081323,Uniaxial tension
Al6061,250,0.017604883,133.3133847,Uniaxial tension
Al6061,250,0.0178038,133.2344674,Uniaxial tension
Al6061,250,0.018001318,133.16651,Uniaxial tension
Al6061,250,0.018193054,133.096414,Uniaxial tension
Al6061,250,0.018389755,133.0146357,Uniaxial tension
Al6061,250,0.01858633,132.9483078,Uniaxial tension
Al6061,250,0.018781476,132.8916344,Uniaxial tension
Al6061,250,0.018973374,132.8213716,Uniaxial tension
Al6061,250,0.01917046,132.7465519,Uniaxial tension
Al6061,250,0.019372625,132.6787119,Uniaxial tension
Al6061,250,0.01957314,132.6245962,Uniaxial tension
Al6061,250,0.019769403,132.5650959,Uniaxial tension
Al6061,250,0.019970479,132.4865879,Uniaxial tension
Al6061,250,0.020172392,132.4259524,Uniaxial tension
Al6061,250,0.020379021,132.3636357,Uniaxial tension
Al6061,250,0.020581169,132.3025382,Uniaxial tension
Al6061,250,0.020780016,132.2321286,Uniaxial tension
Al6061,250,0.020974932,132.1264103,Uniaxial tension
Al6061,250,0.021178128,132.0201469,Uniaxial tension
Al6061,250,0.021375513,131.9301872,Uniaxial tension
Al6061,250,0.021574918,131.8523002,Uniaxial tension
Al6061,250,0.021772433,131.7791171,Uniaxial tension
Al6061,250,0.021967515,131.6959062,Uniaxial tension
Al6061,250,0.02216799,131.6344898,Uniaxial tension
Al6061,250,0.022373051,131.5905027,Uniaxial tension
Al6061,250,0.022569975,131.5423724,Uniaxial tension
Al6061,250,0.022764463,131.4702236,Uniaxial tension
Al6061,250,0.022963192,131.3937664,Uniaxial tension
Al6061,250,0.023166545,131.3296749,Uniaxial tension
Al6061,250,0.023367965,131.2509872,Uniaxial tension
Al6061,250,0.023563013,131.1773131,Uniaxial tension
Al6061,250,0.023761677,131.0717393,Uniaxial tension
Al6061,250,0.023957608,130.9904402,Uniaxial tension
Al6061,250,0.024158146,130.9285923,Uniaxial tension
Al6061,250,0.024355448,130.8645495,Uniaxial tension
Al6061,250,0.024550629,130.7810569,Uniaxial tension
Al6061,250,0.024744345,130.7143298,Uniaxial tension
Al6061,250,0.024943969,130.6448666,Uniaxial tension
Al6061,250,0.025141302,130.6154306,Uniaxial tension
Al6061,250,0.025344753,130.5487988,Uniaxial tension
Al6061,250,0.025547331,130.4915479,Uniaxial tension
Al6061,250,0.025749197,130.4241436,Uniaxial tension
Al6061,250,0.025949458,130.3632262,Uniaxial tension
Al6061,250,0.02615612,130.3138939,Uniaxial tension
Al6061,250,0.026358524,130.2349706,Uniaxial tension
Al6061,250,0.026562604,130.1623842,Uniaxial tension
Al6061,250,0.026776827,130.1066699,Uniaxial tension
Al6061,250,0.026981448,130.0433921,Uniaxial tension
Al6061,250,0.027185038,129.9828329,Uniaxial tension
Al6061,250,0.027390522,129.9156021,Uniaxial tension
Al6061,250,0.027594991,129.8467027,Uniaxial tension
Al6061,250,0.027797697,129.8065586,Uniaxial tension
Al6061,250,0.028001507,129.7255458,Uniaxial tension
Al6061,250,0.028194353,129.6590479,Uniaxial tension
Al6061,250,0.028403927,129.585432,Uniaxial tension
Al6061,250,0.028609469,129.5199484,Uniaxial tension
Al6061,250,0.028814564,129.4684869,Uniaxial tension
Al6061,250,0.029019887,129.3940953,Uniaxial tension
Al6061,250,0.02923068,129.3188375,Uniaxial tension
Al6061,250,0.029438959,129.2003218,Uniaxial tension
Al6061,250,0.029641379,129.1136268,Uniaxial tension
Al6061,250,0.029843291,129.0421657,Uniaxial tension
Al6061,250,0.030045552,128.9516235,Uniaxial tension
Al6061,250,0.030250272,128.8552945,Uniaxial tension
Al6061,250,0.030454407,128.7771132,Uniaxial tension
Al6061,250,0.030656223,128.6959072,Uniaxial tension
Al6061,250,0.030859094,128.6878252,Uniaxial tension
Al6061,250,0.031069327,128.6367895,Uniaxial tension
Al6061,250,0.031277472,128.5701689,Uniaxial tension
Al6061,250,0.031484927,128.5425933,Uniaxial tension
Al6061,250,0.031691362,128.4699329,Uniaxial tension
Al6061,250,0.031900531,128.404719,Uniaxial tension
Al6061,250,0.032108982,128.3133573,Uniaxial tension
Al6061,250,0.032314662,128.2282503,Uniaxial tension
Al6061,250,0.032519455,128.1345419,Uniaxial tension
Al6061,250,0.032717023,128.0344702,Uniaxial tension
Al6061,250,0.032917644,127.9309728,Uniaxial tension
Al6061,250,0.033121432,127.8711162,Uniaxial tension
Al6061,250,0.033324969,127.7968069,Uniaxial tension
Al6061,250,0.033528857,127.7315971,Uniaxial tension
Al6061,250,0.033734915,127.6641582,Uniaxial tension
Al6061,250,0.033940533,127.6130416,Uniaxial tension
Al6061,250,0.034151825,127.5633802,Uniaxial tension
Al6061,250,0.034367861,127.5194398,Uniaxial tension
Al6061,250,0.034578355,127.4609853,Uniaxial tension
Al6061,250,0.034786927,127.3824967,Uniaxial tension
Al6061,250,0.034996177,127.3000156,Uniaxial tension
Al6061,250,0.03520403,127.2203486,Uniaxial tension
Al6061,250,0.035413189,127.1432997,Uniaxial tension
Al6061,250,0.035624493,127.0736066,Uniaxial tension
Al6061,250,0.035832903,126.991194,Uniaxial tension
Al6061,250,0.036042131,126.9235508,Uniaxial tension
Al6061,250,0.03625449,126.8824944,Uniaxial tension
Al6061,250,0.036463643,126.8506261,Uniaxial tension
Al6061,250,0.036677924,126.8079277,Uniaxial tension
Al6061,250,0.036892398,126.7482448,Uniaxial tension
Al6061,250,0.037100533,126.6868161,Uniaxial tension
Al6061,250,0.037312981,126.6248991,Uniaxial tension
Al6061,250,0.037528183,126.5452695,Uniaxial tension
Al6061,250,0.03773466,126.4720611,Uniaxial tension
Al6061,250,0.037947594,126.3885988,Uniaxial tension
Al6061,250,0.038159328,126.3082525,Uniaxial tension
Al6061,250,0.038371144,126.2208062,Uniaxial tension
Al6061,250,0.038585978,126.1440284,Uniaxial tension
Al6061,250,0.038797237,126.0546697,Uniaxial tension
Al6061,250,0.039007542,125.9816993,Uniaxial tension
Al6061,250,0.039221333,125.8977195,Uniaxial tension
Al6061,250,0.039428866,125.8220298,Uniaxial tension
Al6061,250,0.039643691,125.7427472,Uniaxial tension
Al6061,250,0.039852208,125.6869763,Uniaxial tension
Al6061,250,0.04006371,125.6359455,Uniaxial tension
Al6061,250,0.040278566,125.5786988,Uniaxial tension
Al6061,250,0.040488821,125.522993,Uniaxial tension
Al6061,250,0.040697938,125.4356488,Uniaxial tension
Al6061,250,0.040915603,125.3584788,Uniaxial tension
Al6061,250,0.041122491,125.2665023,Uniaxial tension
Al6061,250,0.041333545,125.1817658,Uniaxial tension
Al6061,250,0.041541698,125.0999573,Uniaxial tension
Al6061,250,0.041746835,125.0197948,Uniaxial tension
Al6061,250,0.04195556,124.947594,Uniaxial tension
Al6061,250,0.042169456,124.9032065,Uniaxial tension
Al6061,250,0.042375566,124.8543372,Uniaxial tension
Al6061,250,0.042584758,124.820862,Uniaxial tension
Al6061,250,0.042796558,124.7858019,Uniaxial tension
Al6061,250,0.043011455,124.7391955,Uniaxial tension
Al6061,250,0.043225456,124.6817097,Uniaxial tension
Al6061,250,0.043440009,124.6155223,Uniaxial tension
Al6061,250,0.043653176,124.5395293,Uniaxial tension
Al6061,250,0.043870714,124.4600073,Uniaxial tension
Al6061,250,0.044085919,124.392607,Uniaxial tension
Al6061,250,0.044299256,124.318369,Uniaxial tension
Al6061,250,0.044513219,124.2286123,Uniaxial tension
Al6061,250,0.044730235,124.163739,Uniaxial tension
Al6061,250,0.04494744,124.0992099,Uniaxial tension
Al6061,250,0.04516903,124.0455673,Uniaxial tension
Al6061,250,0.045385033,123.9852262,Uniaxial tension
Al6061,250,0.045603224,123.9050764,Uniaxial tension
Al6061,250,0.045830308,123.8438922,Uniaxial tension
Al6061,250,0.046048888,123.7848212,Uniaxial tension
Al6061,250,0.046264503,123.7232105,Uniaxial tension
Al6061,250,0.046479523,123.6221096,Uniaxial tension
Al6061,250,0.046692204,123.5231078,Uniaxial tension
Al6061,250,0.046909957,123.4505249,Uniaxial tension
Al6061,250,0.047125617,123.392704,Uniaxial tension
Al6061,250,0.047329719,123.3147587,Uniaxial tension
Al6061,250,0.047544727,123.2494467,Uniaxial tension
Al6061,250,0.04776177,123.1877399,Uniaxial tension
Al6061,250,0.047980804,123.1640448,Uniaxial tension
Al6061,250,0.048198523,123.1255451,Uniaxial tension
Al6061,250,0.048412579,123.0588987,Uniaxial tension
Al6061,250,0.048625651,122.9908122,Uniaxial tension
Al6061,250,0.048845437,122.8908682,Uniaxial tension
Al6061,250,0.049061802,122.7698915,Uniaxial tension
Al6061,250,0.049275202,122.6771098,Uniaxial tension
Al6061,250,0.049487306,122.5605262,Uniaxial tension
Al6061,250,0.049694703,122.4752658,Uniaxial tension
Al6061,250,0.049908027,122.4095175,Uniaxial tension
Al6061,250,0.050124295,122.3360561,Uniaxial tension
Al6061,250,0.050332705,122.2912607,Uniaxial tension
Al6061,250,0.050542443,122.2686464,Uniaxial tension
Al6061,250,0.05075869,122.1967358,Uniaxial tension
Al6061,250,0.050973864,122.1537032,Uniaxial tension
Al6061,250,0.05119477,122.0993726,Uniaxial tension
Al6061,250,0.051412553,122.0435854,Uniaxial tension
Al6061,250,0.051633849,121.9826537,Uniaxial tension
Al6061,250,0.051864386,121.9211006,Uniaxial tension
Al6061,250,0.05208845,121.8584712,Uniaxial tension
Al6061,250,0.052309899,121.8194372,Uniaxial tension
Al6061,250,0.052532506,121.7719803,Uniaxial tension
Al6061,250,0.052758001,121.714082,Uniaxial tension
Al6061,250,0.052983118,121.6595494,Uniaxial tension
Al6061,250,0.053205271,121.5988227,Uniaxial tension
Al6061,250,0.05342126,121.4913969,Uniaxial tension
Al6061,250,0.053642327,121.3977837,Uniaxial tension
Al6061,250,0.053863626,121.293069,Uniaxial tension
Al6061,250,0.054085292,121.2134921,Uniaxial tension
Al6061,250,0.054305151,121.1468171,Uniaxial tension
Al6061,250,0.054527097,121.0829288,Uniaxial tension
Al6061,250,0.054748847,121.0022146,Uniaxial tension
Al6061,250,0.054971075,120.969023,Uniaxial tension
Al6061,250,0.055193735,120.9416078,Uniaxial tension
Al6061,250,0.055414585,120.9061185,Uniaxial tension
Al6061,250,0.055637428,120.8554448,Uniaxial tension
Al6061,250,0.05586196,120.7931539,Uniaxial tension
Al6061,250,0.056086553,120.7197473,Uniaxial tension
Al6061,250,0.056309806,120.6682401,Uniaxial tension
Al6061,250,0.056538237,120.6072634,Uniaxial tension
Al6061,250,0.056766025,120.5347886,Uniaxial tension
Al6061,250,0.056994494,120.4661266,Uniaxial tension
Al6061,250,0.057217885,120.4021653,Uniaxial tension
Al6061,250,0.057440748,120.2909331,Uniaxial tension
Al6061,250,0.057654591,120.2017577,Uniaxial tension
Al6061,250,0.057879158,120.1239616,Uniaxial tension
Al6061,250,0.058093489,120.0598362,Uniaxial tension
Al6061,250,0.058309539,119.9361939,Uniaxial tension
Al6061,250,0.058528985,119.8452026,Uniaxial tension
Al6061,250,0.058748263,119.7520545,Uniaxial tension
Al6061,250,0.058960123,119.697466,Uniaxial tension
Al6061,250,0.059183339,119.6109461,Uniaxial tension
Al6061,250,0.059399256,119.544152,Uniaxial tension
Al6061,250,0.059622155,119.48691,Uniaxial tension
Al6061,250,0.059843835,119.4728188,Uniaxial tension
Al6061,250,0.060060869,119.4360646,Uniaxial tension
Al6061,250,0.060288669,119.3788184,Uniaxial tension
Al6061,250,0.060516904,119.3353433,Uniaxial tension
Al6061,250,0.060739828,119.2861682,Uniaxial tension
Al6061,250,0.060961389,119.2138779,Uniaxial tension
Al6061,250,0.061186467,119.1415192,Uniaxial tension
Al6061,250,0.061410793,119.0825299,Uniaxial tension
Al6061,250,0.061634131,119.0263061,Uniaxial tension
Al6061,250,0.061850613,118.9294445,Uniaxial tension
Al6061,250,0.062068941,118.8326235,Uniaxial tension
Al6061,250,0.062290692,118.7622646,Uniaxial tension
Al6061,250,0.062514633,118.6908683,Uniaxial tension
Al6061,250,0.062736812,118.6320504,Uniaxial tension
Al6061,250,0.062958015,118.5758324,Uniaxial tension
Al6061,250,0.063183201,118.5193652,Uniaxial tension
Al6061,250,0.063404411,118.4964368,Uniaxial tension
Al6061,250,0.063632778,118.45903,Uniaxial tension
Al6061,250,0.063863589,118.4180752,Uniaxial tension
Al6061,250,0.064090202,118.3789275,Uniaxial tension
Al6061,250,0.064319652,118.3116902,Uniaxial tension
Al6061,250,0.064551197,118.2448726,Uniaxial tension
Al6061,250,0.064780916,118.175002,Uniaxial tension
Al6061,250,0.065018174,118.1189752,Uniaxial tension
Al6061,250,0.065250917,118.0833597,Uniaxial tension
Al6061,250,0.065480757,118.0403013,Uniaxial tension
Al6061,250,0.065715007,117.9744033,Uniaxial tension
Al6061,250,0.065946579,117.9105899,Uniaxial tension
Al6061,250,0.066178722,117.8392138,Uniaxial tension
Al6061,250,0.066415767,117.7699826,Uniaxial tension
Al6061,250,0.066645364,117.699265,Uniaxial tension
Al6061,250,0.066873353,117.5823656,Uniaxial tension
Al6061,250,0.067100664,117.4822324,Uniaxial tension
Al6061,250,0.067323127,117.3910752,Uniaxial tension
Al6061,250,0.06755129,117.32138,Uniaxial tension
Al6061,250,0.067772854,117.2498784,Uniaxial tension
Al6061,250,0.06799222,117.1649512,Uniaxial tension
Al6061,250,0.068219104,117.0850623,Uniaxial tension
Al6061,250,0.068452689,117.0399648,Uniaxial tension
Al6061,250,0.068680055,116.9924567,Uniaxial tension
Al6061,250,0.068915919,116.9448441,Uniaxial tension
Al6061,250,0.069143544,116.8705029,Uniaxial tension
Al6061,250,0.069377004,116.8098631,Uniaxial tension
Al6061,250,0.069609278,116.7480866,Uniaxial tension
Al6061,250,0.06983831,116.7027167,Uniaxial tension
Al6061,250,0.070064369,116.643616,Uniaxial tension
Al6061,250,0.070291064,116.5629776,Uniaxial tension
Al6061,250,0.070517532,116.4956178,Uniaxial tension
Al6061,250,0.070743973,116.4282413,Uniaxial tension
Al6061,250,0.070968349,116.3301795,Uniaxial tension
Al6061,250,0.071192777,116.2525621,Uniaxial tension
Al6061,250,0.071416869,116.170515,Uniaxial tension
Al6061,250,0.07164217,116.1069577,Uniaxial tension
Al6061,250,0.071875294,116.0531302,Uniaxial tension
Al6061,250,0.072104013,116.004121,Uniaxial tension
Al6061,250,0.0723374,115.9531706,Uniaxial tension
Al6061,250,0.07256967,115.9186933,Uniaxial tension
Al6061,250,0.072808651,115.867533,Uniaxial tension
Al6061,250,0.073042084,115.8179758,Uniaxial tension
Al6061,250,0.07327807,115.7522627,Uniaxial tension
Al6061,250,0.07351355,115.6967023,Uniaxial tension
Al6061,250,0.073750665,115.6266184,Uniaxial tension
Al6061,250,0.07398323,115.5686978,Uniaxial tension
Al6061,250,0.074224367,115.5047697,Uniaxial tension
Al6061,250,0.07445078,115.4487528,Uniaxial tension
Al6061,250,0.07469427,115.3781166,Uniaxial tension
Al6061,250,0.074929869,115.31406,Uniaxial tension
Al6061,250,0.07516789,115.2294391,Uniaxial tension
Al6061,250,0.075398512,115.1538875,Uniaxial tension
Al6061,250,0.075632209,115.0919155,Uniaxial tension
Al6061,250,0.075862086,115.0241277,Uniaxial tension
Al6061,250,0.076100442,114.9605094,Uniaxial tension
Al6061,250,0.076329497,114.8783977,Uniaxial tension
Al6061,250,0.076563581,114.796962,Uniaxial tension
Al6061,250,0.076797886,114.742639,Uniaxial tension
Al6061,250,0.077031199,114.6861595,Uniaxial tension
Al6061,250,0.077271468,114.600381,Uniaxial tension
Al6061,250,0.077501381,114.5017289,Uniaxial tension
Al6061,250,0.077729167,114.4031733,Uniaxial tension
Al6061,250,0.07796102,114.3314288,Uniaxial tension
Al6061,250,0.078190616,114.2843697,Uniaxial tension
Al6061,250,0.078414952,114.2169637,Uniaxial tension
Al6061,250,0.078647806,114.1580684,Uniaxial tension
Al6061,250,0.078875199,114.1115311,Uniaxial tension
Al6061,250,0.079112659,114.0917794,Uniaxial tension
Al6061,250,0.079351514,114.0556235,Uniaxial tension
Al6061,250,0.079586084,113.9892171,Uniaxial tension
Al6061,250,0.079822961,113.9272382,Uniaxial tension
Al6061,250,0.080063609,113.8580719,Uniaxial tension
Al6061,250,0.080304385,113.7789806,Uniaxial tension
Al6061,250,0.080543954,113.7081375,Uniaxial tension
Al6061,250,0.080782235,113.6515092,Uniaxial tension
Al6061,250,0.081021512,113.5916679,Uniaxial tension
Al6061,250,0.08126152,113.5538514,Uniaxial tension
Al6061,250,0.081501815,113.4650732,Uniaxial tension
Al6061,250,0.081739831,113.3984988,Uniaxial tension
Al6061,250,0.081980643,113.3274205,Uniaxial tension
Al6061,250,0.082215845,113.248918,Uniaxial tension
Al6061,250,0.082456456,113.1576681,Uniaxial tension
Al6061,250,0.082693326,113.0811336,Uniaxial tension
Al6061,250,0.082929083,113.008636,Uniaxial tension
Al6061,250,0.083163816,112.9434505,Uniaxial tension
Al6061,250,0.083398259,112.856922,Uniaxial tension
Al6061,250,0.083628284,112.7868153,Uniaxial tension
Al6061,250,0.083864201,112.7223898,Uniaxial tension
Al6061,250,0.084095486,112.6514884,Uniaxial tension
Al6061,250,0.084332704,112.5902456,Uniaxial tension
Al6061,250,0.084570846,112.5412205,Uniaxial tension
Al6061,250,0.084804688,112.4994238,Uniaxial tension
Al6061,250,0.085041756,112.4505263,Uniaxial tension
Al6061,250,0.085280802,112.386764,Uniaxial tension
Al6061,250,0.085519161,112.3312449,Uniaxial tension
Al6061,250,0.085757444,112.2527051,Uniaxial tension
Al6061,250,0.085994131,112.177058,Uniaxial tension
Al6061,250,0.086230622,112.1036169,Uniaxial tension
Al6061,250,0.086471666,112.041792,Uniaxial tension
Al6061,250,0.086708241,111.9723871,Uniaxial tension
Al6061,250,0.08694788,111.9034892,Uniaxial tension
Al6061,250,0.087184231,111.8308073,Uniaxial tension
Al6061,250,0.087419306,111.7910785,Uniaxial tension
Al6061,250,0.087658977,111.7269143,Uniaxial tension
Al6061,250,0.087900105,111.6611623,Uniaxial tension
Al6061,250,0.088145806,111.5862003,Uniaxial tension
Al6061,250,0.088392205,111.5372854,Uniaxial tension
Al6061,250,0.088633421,111.4921925,Uniaxial tension
Al6061,250,0.088885794,111.4341311,Uniaxial tension
Al6061,250,0.089135272,111.3721081,Uniaxial tension
Al6061,250,0.089382247,111.3134455,Uniaxial tension
Al6061,250,0.089627235,111.2432354,Uniaxial tension
Al6061,250,0.08986309,111.1781011,Uniaxial tension
Al6061,250,0.09010005,111.0852836,Uniaxial tension
Al6061,250,0.090339622,110.9792563,Uniaxial tension
Al6061,250,0.09057078,110.8841736,Uniaxial tension
Al6061,250,0.090808265,110.796677,Uniaxial tension
Al6061,250,0.091048481,110.7215375,Uniaxial tension
Al6061,250,0.091288784,110.6326745,Uniaxial tension
Al6061,250,0.091533317,110.5531264,Uniaxial tension
Al6061,250,0.091782071,110.5038889,Uniaxial tension
Al6061,250,0.09202663,110.466334,Uniaxial tension
Al6061,250,0.092273995,110.4066806,Uniaxial tension
Al6061,250,0.092522137,110.3409616,Uniaxial tension
Al6061,250,0.092764229,110.2678321,Uniaxial tension
Al6061,250,0.092999088,110.2050929,Uniaxial tension
Al6061,250,0.093245035,110.1170594,Uniaxial tension
Al6061,250,0.093487571,110.0348401,Uniaxial tension
Al6061,250,0.093731137,109.9429683,Uniaxial tension
Al6061,250,0.093974851,109.8710712,Uniaxial tension
Al6061,250,0.094216758,109.7963482,Uniaxial tension
Al6061,250,0.094464871,109.7266779,Uniaxial tension
Al6061,250,0.094719467,109.6577223,Uniaxial tension
Al6061,250,0.094961172,109.5965701,Uniaxial tension
Al6061,250,0.095205067,109.5234475,Uniaxial tension
Al6061,250,0.095451834,109.4439659,Uniaxial tension
Al6061,250,0.095697463,109.37306,Uniaxial tension
Al6061,250,0.095941115,109.2938353,Uniaxial tension
Al6061,250,0.096175983,109.2035742,Uniaxial tension
Al6061,250,0.096416089,109.0969136,Uniaxial tension
Al6061,250,0.096658967,109.0123336,Uniaxial tension
Al6061,250,0.096898045,108.9235986,Uniaxial tension
Al6061,250,0.097132892,108.8603134,Uniaxial tension
Al6061,250,0.097373216,108.784114,Uniaxial tension
Al6061,250,0.09761075,108.7136389,Uniaxial tension
Al6061,250,0.097853944,108.6322604,Uniaxial tension
Al6061,250,0.098095354,108.5704875,Uniaxial tension
Al6061,250,0.098338492,108.5135751,Uniaxial tension
Al6061,250,0.098586143,108.4523735,Uniaxial tension
Al6061,250,0.098839068,108.390652,Uniaxial tension
Al6061,250,0.099084964,108.3261834,Uniaxial tension
Al6061,250,0.099338696,108.2746865,Uniaxial tension
Al6061,250,0.099586715,108.235126,Uniaxial tension
Al6061,250,0.099841693,108.1815939,Uniaxial tension
Al6061,250,0.100092141,108.0981101,Uniaxial tension
Al6061,250,0.100333598,108.0322364,Uniaxial tension
Al6061,250,0.100580723,107.9657892,Uniaxial tension
Al6061,250,0.100825967,107.8877253,Uniaxial tension
Al6061,250,0.101066269,107.7835514,Uniaxial tension
Al6061,250,0.101317775,107.6612793,Uniaxial tension
Al6061,250,0.101559014,107.57501,Uniaxial tension
Al6061,250,0.101803669,107.5012726,Uniaxial tension
Al6061,250,0.102054417,107.4225331,Uniaxial tension
Al6061,250,0.102293149,107.3277577,Uniaxial tension
Al6061,250,0.102547563,107.2497523,Uniaxial tension
Al6061,250,0.102799685,107.1897208,Uniaxial tension
Al6061,250,0.103044084,107.1447211,Uniaxial tension
Al6061,250,0.103287829,107.0398794,Uniaxial tension
Al6061,250,0.103530366,106.8936188,Uniaxial tension
Al6061,250,0.10377586,106.7750765,Uniaxial tension
Al6061,250,0.104024248,106.6700199,Uniaxial tension
Al6061,250,0.104261081,106.566485,Uniaxial tension
Al6061,250,0.104502975,106.4467359,Uniaxial tension
Al6061,250,0.104740085,106.3480438,Uniaxial tension
Al6061,250,0.104985066,106.2738393,Uniaxial tension
Al6061,250,0.105230322,106.2454745,Uniaxial tension
Al6061,250,0.105473048,106.1869878,Uniaxial tension
Al6061,250,0.105722779,106.1278343,Uniaxial tension
Al6061,250,0.105968102,106.035996,Uniaxial tension
Al6061,250,0.106212866,105.9658207,Uniaxial tension
Al6061,250,0.106464736,105.8836177,Uniaxial tension
Al6061,250,0.106708328,105.8150442,Uniaxial tension
Al6061,250,0.106950721,105.6813654,Uniaxial tension
Al6061,250,0.10719659,105.5742265,Uniaxial tension
Al6061,250,0.107438721,105.4825132,Uniaxial tension
Al6061,250,0.107687169,105.4137677,Uniaxial tension
Al6061,250,0.107934055,105.339494,Uniaxial tension
Al6061,250,0.108181342,105.2548706,Uniaxial tension
Al6061,250,0.108434512,105.1587217,Uniaxial tension
Al6061,250,0.108689008,105.1299105,Uniaxial tension
Al6061,250,0.108941871,105.0794318,Uniaxial tension
Al6061,250,0.109196273,104.9985063,Uniaxial tension
Al6061,250,0.109447763,104.9245295,Uniaxial tension
Al6061,250,0.109701864,104.8215314,Uniaxial tension
Al6061,250,0.109952212,104.73035,Uniaxial tension
Al6061,250,0.110197816,104.5674922,Uniaxial tension
Al6061,250,0.110446236,104.4201248,Uniaxial tension
Al6061,250,0.110696094,104.301821,Uniaxial tension
Al6061,250,0.110946103,104.1926542,Uniaxial tension
Al6061,250,0.111195805,104.090181,Uniaxial tension
Al6061,250,0.111447261,103.986068,Uniaxial tension
Al6061,250,0.111701438,103.8847085,Uniaxial tension
Al6061,250,0.111956873,103.8549642,Uniaxial tension
Al6061,250,0.112213415,103.7903464,Uniaxial tension
Al6061,250,0.112469148,103.6838289,Uniaxial tension
Al6061,250,0.112723329,103.5797409,Uniaxial tension
Al6061,250,0.11297927,103.4606272,Uniaxial tension
Al6061,250,0.1132282,103.3514682,Uniaxial tension
Al6061,250,0.11347415,103.2393247,Uniaxial tension
Al6061,250,0.113732637,103.1393087,Uniaxial tension
Al6061,250,0.113986793,103.0424194,Uniaxial tension
Al6061,250,0.114234889,102.9341896,Uniaxial tension
Al6061,250,0.114487592,102.8054864,Uniaxial tension
Al6061,250,0.11474158,102.6757604,Uniaxial tension
Al6061,250,0.114998715,102.5504713,Uniaxial tension
Al6061,250,0.115259465,102.422014,Uniaxial tension
Al6061,250,0.115508425,102.2876011,Uniaxial tension
Al6061,250,0.115760124,102.1638188,Uniaxial tension
Al6061,250,0.116016244,102.0349929,Uniaxial tension
Al6061,250,0.116269408,101.9304834,Uniaxial tension
Al6061,250,0.116521661,101.8157331,Uniaxial tension
Al6061,250,0.116772687,101.7023264,Uniaxial tension
Al6061,250,0.117026622,101.5800975,Uniaxial tension
Al6061,250,0.117275731,101.4457849,Uniaxial tension
Al6061,250,0.117530696,101.3338927,Uniaxial tension
Al6061,250,0.117783005,101.1970499,Uniaxial tension
Al6061,250,0.118035055,101.0724426,Uniaxial tension
Al6061,250,0.118281951,100.9422135,Uniaxial tension
Al6061,250,0.118539585,100.8275264,Uniaxial tension
Al6061,250,0.118791867,100.7236034,Uniaxial tension
Al6061,250,0.119053219,100.6226572,Uniaxial tension
Al6061,250,0.119309838,100.4780582,Uniaxial tension
Al6061,250,0.119564782,100.3834665,Uniaxial tension
Al6061,250,0.119820203,100.2213277,Uniaxial tension
Al6061,250,0.120079746,100.0685012,Uniaxial tension
Al6061,250,0.120336037,99.92180969,Uniaxial tension
Al6061,250,0.120593116,99.78084554,Uniaxial tension
Al6061,250,0.120848562,99.64391914,Uniaxial tension
Al6061,250,0.12110057,99.49545987,Uniaxial tension
Al6061,250,0.121356463,99.33653158,Uniaxial tension
Al6061,250,0.121611337,99.21755455,Uniaxial tension
Al6061,250,0.121869593,99.10561589,Uniaxial tension
Al6061,250,0.122119905,98.95464055,Uniaxial tension
Al6061,250,0.12237612,98.79280937,Uniaxial tension
Al6061,250,0.122629003,98.62891369,Uniaxial tension
Al6061,250,0.122884821,98.48039003,Uniaxial tension
Al6061,250,0.123141566,98.3109079,Uniaxial tension
Al6061,250,0.123397696,98.12460418,Uniaxial tension
Al6061,250,0.123643854,97.91247089,Uniaxial tension
Al6061,250,0.123895591,97.72728034,Uniaxial tension
Al6061,250,0.124148609,97.55260988,Uniaxial tension
Al6061,250,0.124404819,97.3744698,Uniaxial tension
Al6061,250,0.124654627,97.21335618,Uniaxial tension
Al6061,250,0.124911615,97.05318117,Uniaxial tension
Al6061,250,0.12516481,96.88734949,Uniaxial tension
Al6061,250,0.125426114,96.76011737,Uniaxial tension
Al6061,250,0.125683875,96.61571896,Uniaxial tension
Al6061,250,0.125934317,96.40100942,Uniaxial tension
Al6061,250,0.126185489,96.17384757,Uniaxial tension
Al6061,250,0.126439563,95.97189482,Uniaxial tension
Al6061,250,0.126683617,95.79580465,Uniaxial tension
Al6061,250,0.126934057,95.60762243,Uniaxial tension
Al6061,250,0.127186413,95.41831871,Uniaxial tension
Al6061,250,0.127438938,95.2339191,Uniaxial tension
Al6061,250,0.127693449,95.07575582,Uniaxial tension
Al6061,250,0.127943766,94.93124443,Uniaxial tension
Al6061,250,0.128198831,94.7624074,Uniaxial tension
Al6061,250,0.128460966,94.57901568,Uniaxial tension
Al6061,250,0.128722568,94.41659469,Uniaxial tension
Al6061,250,0.12898364,94.23183244,Uniaxial tension
Al6061,250,0.129248887,94.04228913,Uniaxial tension
Al6061,250,0.12951659,93.869489,Uniaxial tension
Al6061,250,0.129783964,93.67865637,Uniaxial tension
Al6061,250,0.130053021,93.46464396,Uniaxial tension
Al6061,250,0.130318877,93.21535297,Uniaxial tension
Al6061,250,0.130585444,92.97824859,Uniaxial tension
Al6061,250,0.13084828,92.74200114,Uniaxial tension
Al6061,250,0.131112364,92.48601899,Uniaxial tension
Al6061,250,0.131373419,92.24046094,Uniaxial tension
Al6061,250,0.131633306,91.96437112,Uniaxial tension
Al6061,250,0.131891914,91.71544071,Uniaxial tension
Al6061,250,0.132148124,91.50135492,Uniaxial tension
Al6061,250,0.132410392,91.28236379,Uniaxial tension
Al6061,250,0.132675512,91.0485829,Uniaxial tension
Al6061,250,0.132940978,90.82327565,Uniaxial tension
Al6061,250,0.133198753,90.58540612,Uniaxial tension
Al6061,250,0.133455192,90.35983114,Uniaxial tension
Al6061,250,0.133709445,89.98759056,Uniaxial tension
Al6061,250,0.133960495,89.67644085,Uniaxial tension
Al6061,250,0.134209221,89.40184835,Uniaxial tension
Al6061,250,0.134453795,89.14264626,Uniaxial tension
Al6061,250,0.134703553,88.88371393,Uniaxial tension
Al6061,250,0.134960625,88.62070645,Uniaxial tension
Al6061,250,0.135227046,88.37401354,Uniaxial tension
Al6061,250,0.135495425,88.2089654,Uniaxial tension
Al6061,250,0.135769427,87.98027167,Uniaxial tension
Al6061,250,0.136038629,87.71158221,Uniaxial tension
Al6061,250,0.136311858,87.42580737,Uniaxial tension
Al6061,250,0.136572493,87.13594876,Uniaxial tension
Al6061,250,0.136844359,86.82839341,Uniaxial tension
Al6061,250,0.137110458,86.50855922,Uniaxial tension
Al6061,250,0.137377462,86.19972024,Uniaxial tension
Al6061,250,0.137641978,85.85328802,Uniaxial tension
Al6061,250,0.137903815,85.51735106,Uniaxial tension
Al6061,250,0.138166538,85.20566056,Uniaxial tension
Al6061,250,0.138436732,84.88409713,Uniaxial tension
Al6061,250,0.13870162,84.57769928,Uniaxial tension
Al6061,250,0.138966121,84.26814793,Uniaxial tension
Al6061,250,0.139230384,83.96419481,Uniaxial tension
Al6061,250,0.139503489,83.68101382,Uniaxial tension
Al6061,250,0.139771573,83.36688203,Uniaxial tension
Al6061,250,0.140035041,82.95980422,Uniaxial tension
Al6061,250,0.140297911,82.5796671,Uniaxial tension
Al6061,250,0.140556458,82.20242392,Uniaxial tension
Al6061,250,0.140820249,81.83784813,Uniaxial tension
Al6061,250,0.141086797,81.45259418,Uniaxial tension
Al6061,250,0.141345471,81.08011949,Uniaxial tension
Al6061,250,0.141619476,80.70571259,Uniaxial tension
Al6061,250,0.141893514,80.38623034,Uniaxial tension
Al6061,250,0.14216976,80.03792466,Uniaxial tension
Al6061,250,0.142445439,79.64456914,Uniaxial tension
Al6061,250,0.142723101,79.21968555,Uniaxial tension
Al6061,250,0.142994705,78.82937573,Uniaxial tension
Al6061,250,0.143275227,78.42834565,Uniaxial tension
Al6061,250,0.143546237,78.00519741,Uniaxial tension
Al6061,250,0.143825772,77.53705588,Uniaxial tension
Al6061,250,0.144100711,77.07250245,Uniaxial tension
Al6061,250,0.144378462,76.61983208,Uniaxial tension
Al6061,250,0.144653373,76.12924011,Uniaxial tension
Al6061,250,0.144930233,75.58505112,Uniaxial tension
Al6061,250,0.145204221,75.0302132,Uniaxial tension
Al6061,250,0.145482785,74.44140126,Uniaxial tension
Al6061,250,0.145755036,73.8926752,Uniaxial tension
Al6061,250,0.146030198,73.27236064,Uniaxial tension
Al6061,250,0.146308729,72.58238983,Uniaxial tension
Al6061,250,0.146593254,71.93939451,Uniaxial tension
Al6061,250,0.146885082,71.27804947,Uniaxial tension
Al6061,250,0.14717131,70.51448944,Uniaxial tension
Al6061,250,0.147462275,69.70365037,Uniaxial tension
Al6061,250,0.147761198,68.84704171,Uniaxial tension
Al6061,250,0.14806692,67.91152305,Uniaxial tension
Al6061,250,0.14838038,66.97170064,Uniaxial tension
Al6061,250,0.148706326,65.8305161,Uniaxial tension
Al6061,250,0.149066907,64.38882858,Uniaxial tension
Al6061,250,0.149484819,62.39420017,Uniaxial tension
Al6061,250,0.149954575,59.5429598,Uniaxial tension
Al6061,250,0.150444328,55.6399461,Uniaxial tension
Al6061,250,0.15094351,51.09847619,Uniaxial tension
Al6061,250,0.151443281,46.31139306,Uniaxial tension
Al6061,250,0.151937895,41.47680102,Uniaxial tension
Al6061,250,0.152398956,36.75850546,Uniaxial tension
Al6061,250,0.152814257,32.5413639,Uniaxial tension
Al6061,250,0.15300853,30.13444599,Uniaxial tension
Al6061,250,0.153191578,28.38698242,Uniaxial tension
Al6061,250,0.153367276,27.23119117,Uniaxial tension
Al6061,250,0.153368276,0,Uniaxial tension
